<?xml version="1.0" encoding="UTF-8"?>
<con:soapui-project id="8e5750f8-9b41-4215-a142-9fbc5466691e" activeEnvironment="Default" name="TrabalhoWebService-1 - Medico" resourceRoot="" soapui-version="5.8.0" abortOnError="false" runType="SEQUENTIAL" xmlns:con="http://eviware.com/soapui/config"><con:settings/><con:interface xsi:type="con:WsdlInterface" id="7bd11bf3-4db9-4a5a-9528-5e2d4a721658" wsaVersion="NONE" name="MedicoWSImpServiceSoapBinding" type="wsdl" bindingName="{http://trabalhowebservice.example.com/}MedicoWSImpServiceSoapBinding" soapVersion="1_1" anonymous="optional" definition="http://localhost:8080/TrabalhoWebService-1.0-SNAPSHOT/MedicoWSImp?wsdl" xmlns:xsi="http://www.w3.org/2001/XMLSchema-instance"><con:settings/><con:definitionCache type="TEXT" rootPart="http://localhost:8080/TrabalhoWebService-1.0-SNAPSHOT/MedicoWSImp?wsdl"><con:part><con:url>http://localhost:8080/TrabalhoWebService-1.0-SNAPSHOT/MedicoWSImp?wsdl</con:url><con:content><![CDATA[<wsdl:definitions name="MedicoWSImpService" targetNamespace="http://trabalhowebservice.example.com/" xmlns:xsd="http://www.w3.org/2001/XMLSchema" xmlns:wsdl="http://schemas.xmlsoap.org/wsdl/" xmlns:tns="http://trabalhowebservice.example.com/" xmlns:soap="http://schemas.xmlsoap.org/wsdl/soap/" xmlns:ns2="http://schemas.xmlsoap.org/soap/http" xmlns:ns1="http://interfaces.trabalhowebservice.example.com/">
  <wsdl:import location="http://localhost:8080/TrabalhoWebService-1.0-SNAPSHOT/MedicoWSImp?wsdl=MedicoWS.wsdl" namespace="http://interfaces.trabalhowebservice.example.com/"></wsdl:import>
  <wsdl:binding name="MedicoWSImpServiceSoapBinding" type="ns1:MedicoWS">
    <soap:binding style="document" transport="http://schemas.xmlsoap.org/soap/http"/>
    <wsdl:operation name="exlcuir">
      <soap:operation soapAction="" style="document"/>
      <wsdl:input name="exlcuir">
        <soap:body use="literal"/>
      </wsdl:input>
      <wsdl:output name="exlcuirResponse">
        <soap:body use="literal"/>
      </wsdl:output>
      <wsdl:fault name="BusinessException">
        <soap:fault name="BusinessException" use="literal"/>
      </wsdl:fault>
    </wsdl:operation>
    <wsdl:operation name="atualizar">
      <soap:operation soapAction="" style="document"/>
      <wsdl:input name="atualizar">
        <soap:body use="literal"/>
      </wsdl:input>
      <wsdl:output name="atualizarResponse">
        <soap:body use="literal"/>
      </wsdl:output>
      <wsdl:fault name="BusinessException">
        <soap:fault name="BusinessException" use="literal"/>
      </wsdl:fault>
    </wsdl:operation>
    <wsdl:operation name="buscarTodos">
      <soap:operation soapAction="" style="document"/>
      <wsdl:input name="buscarTodos">
        <soap:body use="literal"/>
      </wsdl:input>
      <wsdl:output name="buscarTodosResponse">
        <soap:body use="literal"/>
      </wsdl:output>
      <wsdl:fault name="BusinessException">
        <soap:fault name="BusinessException" use="literal"/>
      </wsdl:fault>
      <wsdl:fault name="SQLException">
        <soap:fault name="SQLException" use="literal"/>
      </wsdl:fault>
      <wsdl:fault name="NamingException">
        <soap:fault name="NamingException" use="literal"/>
      </wsdl:fault>
    </wsdl:operation>
    <wsdl:operation name="inserir">
      <soap:operation soapAction="" style="document"/>
      <wsdl:input name="inserir">
        <soap:body use="literal"/>
      </wsdl:input>
      <wsdl:output name="inserirResponse">
        <soap:body use="literal"/>
      </wsdl:output>
      <wsdl:fault name="BusinessException">
        <soap:fault name="BusinessException" use="literal"/>
      </wsdl:fault>
      <wsdl:fault name="SQLException">
        <soap:fault name="SQLException" use="literal"/>
      </wsdl:fault>
      <wsdl:fault name="NamingException">
        <soap:fault name="NamingException" use="literal"/>
      </wsdl:fault>
    </wsdl:operation>
  </wsdl:binding>
  <wsdl:service name="MedicoWSImpService">
    <wsdl:port binding="tns:MedicoWSImpServiceSoapBinding" name="MedicoWSImpPort">
      <soap:address location="http://localhost:8080/TrabalhoWebService-1.0-SNAPSHOT/MedicoWSImp"/>
    </wsdl:port>
  </wsdl:service>
</wsdl:definitions>]]></con:content><con:type>http://schemas.xmlsoap.org/wsdl/</con:type></con:part><con:part><con:url>http://localhost:8080/TrabalhoWebService-1.0-SNAPSHOT/MedicoWSImp?wsdl=MedicoWS.wsdl</con:url><con:content><![CDATA[<wsdl:definitions name="MedicoWS" targetNamespace="http://interfaces.trabalhowebservice.example.com/" xmlns:xsd="http://www.w3.org/2001/XMLSchema" xmlns:wsdl="http://schemas.xmlsoap.org/wsdl/" xmlns:ns1="http://interfaces.trabalhowebservice.example.com/">
  <wsdl:types>
    <xs:schema attributeFormDefault="unqualified" elementFormDefault="unqualified" targetNamespace="http://interfaces.trabalhowebservice.example.com/" version="1.0" xmlns:xs="http://www.w3.org/2001/XMLSchema" xmlns:tns="http://interfaces.trabalhowebservice.example.com/">
      <xs:element name="atualizar" type="tns:atualizar"/>
      <xs:element name="atualizarResponse" type="tns:atualizarResponse"/>
      <xs:element name="buscarTodos" type="tns:buscarTodos"/>
      <xs:element name="buscarTodosResponse" type="tns:buscarTodosResponse"/>
      <xs:element name="exlcuir" type="tns:exlcuir"/>
      <xs:element name="exlcuirResponse" type="tns:exlcuirResponse"/>
      <xs:element name="inserir" type="tns:inserir"/>
      <xs:element name="inserirResponse" type="tns:inserirResponse"/>
      <xs:complexType name="exlcuir">
        <xs:sequence>
          <xs:element name="arg0" type="xs:int"/>
        </xs:sequence>
      </xs:complexType>
      <xs:complexType name="exlcuirResponse">
        <xs:sequence/>
      </xs:complexType>
      <xs:complexType name="atualizar">
        <xs:sequence>
          <xs:element minOccurs="0" name="arg0" type="tns:medicoUpdateRequestDTO"/>
        </xs:sequence>
      </xs:complexType>
      <xs:complexType name="medicoUpdateRequestDTO">
        <xs:sequence>
          <xs:element minOccurs="0" name="bairro" type="xs:string"/>
          <xs:element minOccurs="0" name="complemento" type="xs:string"/>
          <xs:element name="id" type="xs:int"/>
          <xs:element minOccurs="0" name="logradouro" type="xs:string"/>
          <xs:element minOccurs="0" name="nome" type="xs:string"/>
          <xs:element minOccurs="0" name="numero" type="xs:string"/>
          <xs:element minOccurs="0" name="telefone" type="xs:string"/>
        </xs:sequence>
      </xs:complexType>
      <xs:complexType name="atualizarResponse">
        <xs:sequence>
          <xs:element minOccurs="0" name="return" type="tns:medico"/>
        </xs:sequence>
      </xs:complexType>
      <xs:complexType name="medico">
        <xs:sequence>
          <xs:element minOccurs="0" name="bairro" type="xs:string"/>
          <xs:element minOccurs="0" name="complemento" type="xs:string"/>
          <xs:element minOccurs="0" name="crm" type="xs:string"/>
          <xs:element minOccurs="0" name="email" type="xs:string"/>
          <xs:element minOccurs="0" name="especialidade" type="xs:string"/>
          <xs:element name="id" type="xs:int"/>
          <xs:element minOccurs="0" name="logradouro" type="xs:string"/>
          <xs:element minOccurs="0" name="nome" type="xs:string"/>
          <xs:element minOccurs="0" name="numero" type="xs:string"/>
          <xs:element minOccurs="0" name="telefone" type="xs:string"/>
        </xs:sequence>
      </xs:complexType>
      <xs:complexType name="buscarTodos">
        <xs:sequence/>
      </xs:complexType>
      <xs:complexType name="buscarTodosResponse">
        <xs:sequence>
          <xs:element maxOccurs="unbounded" minOccurs="0" name="return" type="tns:medico"/>
        </xs:sequence>
      </xs:complexType>
      <xs:complexType name="inserir">
        <xs:sequence>
          <xs:element minOccurs="0" name="arg0" type="tns:medicoInsertRequestDTO"/>
        </xs:sequence>
      </xs:complexType>
      <xs:complexType name="medicoInsertRequestDTO">
        <xs:sequence>
          <xs:element minOccurs="0" name="ativo" type="xs:string"/>
          <xs:element minOccurs="0" name="bairro" type="xs:string"/>
          <xs:element minOccurs="0" name="complemento" type="xs:string"/>
          <xs:element minOccurs="0" name="crm" type="xs:string"/>
          <xs:element minOccurs="0" name="email" type="xs:string"/>
          <xs:element minOccurs="0" name="especialidade" type="xs:string"/>
          <xs:element minOccurs="0" name="logradouro" type="xs:string"/>
          <xs:element minOccurs="0" name="nome" type="xs:string"/>
          <xs:element minOccurs="0" name="numero" type="xs:string"/>
          <xs:element minOccurs="0" name="telefone" type="xs:string"/>
        </xs:sequence>
      </xs:complexType>
      <xs:complexType name="inserirResponse">
        <xs:sequence>
          <xs:element minOccurs="0" name="return" type="tns:medico"/>
        </xs:sequence>
      </xs:complexType>
      <xs:element name="BusinessException" type="tns:BusinessException"/>
      <xs:complexType name="BusinessException">
        <xs:sequence>
          <xs:element minOccurs="0" name="message" type="xs:string"/>
        </xs:sequence>
      </xs:complexType>
      <xs:element name="SQLException" type="tns:SQLException"/>
      <xs:complexType name="SQLException">
        <xs:sequence>
          <xs:element minOccurs="0" name="errorCode" type="xs:int"/>
          <xs:element minOccurs="0" name="sQLState" type="xs:string"/>
          <xs:element minOccurs="0" name="message" type="xs:string"/>
        </xs:sequence>
      </xs:complexType>
      <xs:element name="NamingException" type="tns:NamingException"/>
      <xs:complexType name="NamingException">
        <xs:sequence>
          <xs:element minOccurs="0" name="resolvedObj" type="xs:anyType"/>
          <xs:element minOccurs="0" name="explanation" type="xs:string"/>
          <xs:element minOccurs="0" name="message" type="xs:string"/>
        </xs:sequence>
      </xs:complexType>
    </xs:schema>
  </wsdl:types>
  <wsdl:message name="exlcuir">
    <wsdl:part element="ns1:exlcuir" name="parameters"></wsdl:part>
  </wsdl:message>
  <wsdl:message name="buscarTodos">
    <wsdl:part element="ns1:buscarTodos" name="parameters"></wsdl:part>
  </wsdl:message>
  <wsdl:message name="buscarTodosResponse">
    <wsdl:part element="ns1:buscarTodosResponse" name="parameters"></wsdl:part>
  </wsdl:message>
  <wsdl:message name="NamingException">
    <wsdl:part element="ns1:NamingException" name="NamingException"></wsdl:part>
  </wsdl:message>
  <wsdl:message name="inserirResponse">
    <wsdl:part element="ns1:inserirResponse" name="parameters"></wsdl:part>
  </wsdl:message>
  <wsdl:message name="atualizar">
    <wsdl:part element="ns1:atualizar" name="parameters"></wsdl:part>
  </wsdl:message>
  <wsdl:message name="atualizarResponse">
    <wsdl:part element="ns1:atualizarResponse" name="parameters"></wsdl:part>
  </wsdl:message>
  <wsdl:message name="SQLException">
    <wsdl:part element="ns1:SQLException" name="SQLException"></wsdl:part>
  </wsdl:message>
  <wsdl:message name="exlcuirResponse">
    <wsdl:part element="ns1:exlcuirResponse" name="parameters"></wsdl:part>
  </wsdl:message>
  <wsdl:message name="inserir">
    <wsdl:part element="ns1:inserir" name="parameters"></wsdl:part>
  </wsdl:message>
  <wsdl:message name="BusinessException">
    <wsdl:part element="ns1:BusinessException" name="BusinessException"></wsdl:part>
  </wsdl:message>
  <wsdl:portType name="MedicoWS">
    <wsdl:operation name="exlcuir">
      <wsdl:input message="ns1:exlcuir" name="exlcuir"></wsdl:input>
      <wsdl:output message="ns1:exlcuirResponse" name="exlcuirResponse"></wsdl:output>
      <wsdl:fault message="ns1:BusinessException" name="BusinessException"></wsdl:fault>
    </wsdl:operation>
    <wsdl:operation name="atualizar">
      <wsdl:input message="ns1:atualizar" name="atualizar"></wsdl:input>
      <wsdl:output message="ns1:atualizarResponse" name="atualizarResponse"></wsdl:output>
      <wsdl:fault message="ns1:BusinessException" name="BusinessException"></wsdl:fault>
    </wsdl:operation>
    <wsdl:operation name="buscarTodos">
      <wsdl:input message="ns1:buscarTodos" name="buscarTodos"></wsdl:input>
      <wsdl:output message="ns1:buscarTodosResponse" name="buscarTodosResponse"></wsdl:output>
      <wsdl:fault message="ns1:BusinessException" name="BusinessException"></wsdl:fault>
      <wsdl:fault message="ns1:SQLException" name="SQLException"></wsdl:fault>
      <wsdl:fault message="ns1:NamingException" name="NamingException"></wsdl:fault>
    </wsdl:operation>
    <wsdl:operation name="inserir">
      <wsdl:input message="ns1:inserir" name="inserir"></wsdl:input>
      <wsdl:output message="ns1:inserirResponse" name="inserirResponse"></wsdl:output>
      <wsdl:fault message="ns1:BusinessException" name="BusinessException"></wsdl:fault>
      <wsdl:fault message="ns1:SQLException" name="SQLException"></wsdl:fault>
      <wsdl:fault message="ns1:NamingException" name="NamingException"></wsdl:fault>
    </wsdl:operation>
  </wsdl:portType>
</wsdl:definitions>]]></con:content><con:type>http://schemas.xmlsoap.org/wsdl/</con:type></con:part></con:definitionCache><con:endpoints><con:endpoint>http://localhost:8080/TrabalhoWebService-1.0-SNAPSHOT/MedicoWSImp</con:endpoint></con:endpoints><con:operation id="4f918928-3d98-4e8f-9ace-9989dd9138f6" isOneWay="false" action="" name="atualizar" bindingOperationName="atualizar" type="Request-Response" outputName="atualizarResponse" inputName="atualizar" receivesAttachments="false" sendsAttachments="false" anonymous="optional"><con:settings/><con:call id="cea54f0c-a2ad-4d11-9b17-df3f5138a7ca" name="Request 1"><con:settings><con:setting id="com.eviware.soapui.impl.wsdl.WsdlRequest@request-headers">&lt;xml-fragment/></con:setting></con:settings><con:encoding>UTF-8</con:encoding><con:endpoint>http://localhost:8080/TrabalhoWebService-1.0-SNAPSHOT/MedicoWSImp</con:endpoint><con:request><![CDATA[<soapenv:Envelope xmlns:soapenv="http://schemas.xmlsoap.org/soap/envelope/" xmlns:int="http://interfaces.trabalhowebservice.example.com/">
   <soapenv:Header/>
   <soapenv:Body>
      <int:atualizar>
         <!--Optional:-->
         <arg0>
            <!--Optional:-->
            <bairro>Gisela</bairro>
            <!--Optional:-->
            <complemento>Apartamento</complemento>
            <id>9</id>
            <!--Optional:-->
            <logradouro>Caixa de agua</logradouro>
            <!--Optional:-->
            <nome>Teste45</nome>
            <!--Optional:-->
            <numero>45</numero>
            <!--Optional:-->
            <telefone>45991236437</telefone>
         </arg0>
      </int:atualizar>
   </soapenv:Body>
</soapenv:Envelope>]]></con:request><con:credentials><con:authType>No Authorization</con:authType></con:credentials><con:jmsConfig JMSDeliveryMode="PERSISTENT"/><con:jmsPropertyConfig/><con:wsaConfig mustUnderstand="NONE" version="200508" action="http://trabalhowebservice.example.com/MedicoWS/atualizar"/><con:wsrmConfig version="1.2"/></con:call></con:operation><con:operation id="4916035d-717b-466a-ac3a-1539cb71d6c0" isOneWay="false" action="" name="buscarTodos" bindingOperationName="buscarTodos" type="Request-Response" outputName="buscarTodosResponse" inputName="buscarTodos" receivesAttachments="false" sendsAttachments="false" anonymous="optional"><con:settings/><con:call id="030a1131-de85-48e4-b94e-7eb8f2fe3c21" name="Request 1"><con:settings><con:setting id="com.eviware.soapui.impl.wsdl.WsdlRequest@request-headers">&lt;xml-fragment/></con:setting></con:settings><con:encoding>UTF-8</con:encoding><con:endpoint>http://localhost:8080/TrabalhoWebService-1.0-SNAPSHOT/MedicoWSImp</con:endpoint><con:request><![CDATA[<soapenv:Envelope xmlns:soapenv="http://schemas.xmlsoap.org/soap/envelope/" xmlns:int="http://interfaces.trabalhowebservice.example.com/">\r
   <soapenv:Header/>\r
   <soapenv:Body>\r
      <int:buscarTodos/>\r
   </soapenv:Body>\r
</soapenv:Envelope>]]></con:request><con:credentials><con:authType>No Authorization</con:authType></con:credentials><con:jmsConfig JMSDeliveryMode="PERSISTENT"/><con:jmsPropertyConfig/><con:wsaConfig mustUnderstand="NONE" version="200508" action="http://trabalhowebservice.example.com/MedicoWS/buscarTodos"/><con:wsrmConfig version="1.2"/></con:call></con:operation><con:operation id="200040ec-ac5c-43cf-9d47-92a1ac9313be" isOneWay="false" action="" name="exlcuir" bindingOperationName="exlcuir" type="Request-Response" outputName="exlcuirResponse" inputName="exlcuir" receivesAttachments="false" sendsAttachments="false" anonymous="optional"><con:settings/><con:call id="36fbd8bf-8b72-4c64-9d68-4722396a7b97" name="Request 1"><con:settings><con:setting id="com.eviware.soapui.impl.wsdl.WsdlRequest@request-headers">&lt;xml-fragment/></con:setting></con:settings><con:encoding>UTF-8</con:encoding><con:endpoint>http://localhost:8080/TrabalhoWebService-1.0-SNAPSHOT/MedicoWSImp</con:endpoint><con:request><![CDATA[<soapenv:Envelope xmlns:soapenv="http://schemas.xmlsoap.org/soap/envelope/" xmlns:int="http://interfaces.trabalhowebservice.example.com/">\r
   <soapenv:Header/>\r
   <soapenv:Body>\r
      <int:exlcuir>\r
         <arg0>9</arg0>\r
      </int:exlcuir>\r
   </soapenv:Body>\r
</soapenv:Envelope>]]></con:request><con:credentials><con:authType>No Authorization</con:authType></con:credentials><con:jmsConfig JMSDeliveryMode="PERSISTENT"/><con:jmsPropertyConfig/><con:wsaConfig mustUnderstand="NONE" version="200508" action="http://trabalhowebservice.example.com/MedicoWS/exlcuir"/><con:wsrmConfig version="1.2"/></con:call></con:operation><con:operation id="4a684700-63cb-492c-a8ce-32ef617d7a72" isOneWay="false" action="" name="inserir" bindingOperationName="inserir" type="Request-Response" outputName="inserirResponse" inputName="inserir" receivesAttachments="false" sendsAttachments="false" anonymous="optional"><con:settings/><con:call id="238e1363-b5be-4875-b1ef-224028016797" name="Request 1"><con:settings><con:setting id="com.eviware.soapui.impl.wsdl.WsdlRequest@request-headers">&lt;xml-fragment/></con:setting></con:settings><con:encoding>UTF-8</con:encoding><con:endpoint>http://localhost:8080/TrabalhoWebService-1.0-SNAPSHOT/MedicoWSImp</con:endpoint><con:request><![CDATA[<soapenv:Envelope xmlns:soapenv="http://schemas.xmlsoap.org/soap/envelope/" xmlns:int="http://interfaces.trabalhowebservice.example.com/">\r
   <soapenv:Header/>\r
   <soapenv:Body>\r
      <int:inserir>\r
         <!--Optional:-->\r
         <arg0>\r
            <!--Optional:-->\r
            <ativo></ativo>\r
            <!--Optional:-->\r
            <bairro>Sede Alvorada</bairro>\r
            <!--Optional:-->\r
            <complemento>Casa</complemento>\r
            <!--Optional:-->\r
            <crm>985096</crm>\r
            <!--Optional:-->\r
            <email>teste35@gmail.com</email>\r
            <!--Optional:-->\r
            <especialidade>Dermatologia</especialidade>\r
            <!--Optional:-->\r
            <logradouro>Predio</logradouro>\r
            <!--Optional:-->\r
            <nome>Teste45</nome>\r
            <!--Optional:-->\r
            <numero>56</numero>\r
            <!--Optional:-->\r
            <telefone>45994371593</telefone>\r
         </arg0>\r
      </int:inserir>\r
   </soapenv:Body>\r
</soapenv:Envelope>]]></con:request><con:credentials><con:authType>No Authorization</con:authType></con:credentials><con:jmsConfig JMSDeliveryMode="PERSISTENT"/><con:jmsPropertyConfig/><con:wsaConfig mustUnderstand="NONE" version="200508" action="http://trabalhowebservice.example.com/MedicoWS/inserir"/><con:wsrmConfig version="1.2"/></con:call></con:operation></con:interface><con:properties/><con:wssContainer/><con:oAuth2ProfileContainer/><con:oAuth1ProfileContainer/></con:soapui-project>