<?xml version="1.0" encoding="UTF-8"?>
<con:soapui-project id="57d2b021-63f0-4305-8053-744da15ad1f8" activeEnvironment="Default" name="TrabalhoWebService-1 - Paciente" resourceRoot="" soapui-version="5.8.0" abortOnError="false" runType="SEQUENTIAL" xmlns:con="http://eviware.com/soapui/config"><con:settings/><con:interface xsi:type="con:WsdlInterface" id="9de78452-323c-4266-a6fc-29fb32ab4203" wsaVersion="NONE" name="PacienteWSImpServiceSoapBinding" type="wsdl" bindingName="{http://trabalhowebservice.example.com/}PacienteWSImpServiceSoapBinding" soapVersion="1_1" anonymous="optional" definition="http://localhost:8080/TrabalhoWebService-1.0-SNAPSHOT/PacienteWSImp?wsdl" xmlns:xsi="http://www.w3.org/2001/XMLSchema-instance"><con:settings/><con:definitionCache type="TEXT" rootPart="http://localhost:8080/TrabalhoWebService-1.0-SNAPSHOT/PacienteWSImp?wsdl"><con:part><con:url>http://localhost:8080/TrabalhoWebService-1.0-SNAPSHOT/PacienteWSImp?wsdl</con:url><con:content><![CDATA[<wsdl:definitions name="PacienteWSImpService" targetNamespace="http://trabalhowebservice.example.com/" xmlns:xsd="http://www.w3.org/2001/XMLSchema" xmlns:wsdl="http://schemas.xmlsoap.org/wsdl/" xmlns:tns="http://trabalhowebservice.example.com/" xmlns:soap="http://schemas.xmlsoap.org/wsdl/soap/" xmlns:ns2="http://schemas.xmlsoap.org/soap/http" xmlns:ns1="http://interfaces.trabalhowebservice.example.com/">
  <wsdl:import location="http://localhost:8080/TrabalhoWebService-1.0-SNAPSHOT/PacienteWSImp?wsdl=PacienteWS.wsdl" namespace="http://interfaces.trabalhowebservice.example.com/"></wsdl:import>
  <wsdl:binding name="PacienteWSImpServiceSoapBinding" type="ns1:PacienteWS">
    <soap:binding style="document" transport="http://schemas.xmlsoap.org/soap/http"/>
    <wsdl:operation name="exlcuir">
      <soap:operation soapAction="" style="document"/>
      <wsdl:input name="exlcuir">
        <soap:body use="literal"/>
      </wsdl:input>
      <wsdl:output name="exlcuirResponse">
        <soap:body use="literal"/>
      </wsdl:output>
      <wsdl:fault name="BusinessException">
        <soap:fault name="BusinessException" use="literal"/>
      </wsdl:fault>
    </wsdl:operation>
    <wsdl:operation name="atualizar">
      <soap:operation soapAction="" style="document"/>
      <wsdl:input name="atualizar">
        <soap:body use="literal"/>
      </wsdl:input>
      <wsdl:output name="atualizarResponse">
        <soap:body use="literal"/>
      </wsdl:output>
      <wsdl:fault name="BusinessException">
        <soap:fault name="BusinessException" use="literal"/>
      </wsdl:fault>
    </wsdl:operation>
    <wsdl:operation name="inserir">
      <soap:operation soapAction="" style="document"/>
      <wsdl:input name="inserir">
        <soap:body use="literal"/>
      </wsdl:input>
      <wsdl:output name="inserirResponse">
        <soap:body use="literal"/>
      </wsdl:output>
      <wsdl:fault name="BusinessException">
        <soap:fault name="BusinessException" use="literal"/>
      </wsdl:fault>
      <wsdl:fault name="SQLException">
        <soap:fault name="SQLException" use="literal"/>
      </wsdl:fault>
      <wsdl:fault name="NamingException">
        <soap:fault name="NamingException" use="literal"/>
      </wsdl:fault>
    </wsdl:operation>
    <wsdl:operation name="listaPaciente">
      <soap:operation soapAction="" style="document"/>
      <wsdl:input name="listaPaciente">
        <soap:body use="literal"/>
      </wsdl:input>
      <wsdl:output name="listaPacienteResponse">
        <soap:body use="literal"/>
      </wsdl:output>
      <wsdl:fault name="BusinessException">
        <soap:fault name="BusinessException" use="literal"/>
      </wsdl:fault>
      <wsdl:fault name="SQLException">
        <soap:fault name="SQLException" use="literal"/>
      </wsdl:fault>
      <wsdl:fault name="NamingException">
        <soap:fault name="NamingException" use="literal"/>
      </wsdl:fault>
    </wsdl:operation>
  </wsdl:binding>
  <wsdl:service name="PacienteWSImpService">
    <wsdl:port binding="tns:PacienteWSImpServiceSoapBinding" name="PacienteWSImpPort">
      <soap:address location="http://localhost:8080/TrabalhoWebService-1.0-SNAPSHOT/PacienteWSImp"/>
    </wsdl:port>
  </wsdl:service>
</wsdl:definitions>]]></con:content><con:type>http://schemas.xmlsoap.org/wsdl/</con:type></con:part><con:part><con:url>http://localhost:8080/TrabalhoWebService-1.0-SNAPSHOT/PacienteWSImp?wsdl=PacienteWS.wsdl</con:url><con:content><![CDATA[<wsdl:definitions name="PacienteWS" targetNamespace="http://interfaces.trabalhowebservice.example.com/" xmlns:xsd="http://www.w3.org/2001/XMLSchema" xmlns:wsdl="http://schemas.xmlsoap.org/wsdl/" xmlns:ns1="http://interfaces.trabalhowebservice.example.com/">
  <wsdl:types>
    <xs:schema attributeFormDefault="unqualified" elementFormDefault="unqualified" targetNamespace="http://interfaces.trabalhowebservice.example.com/" version="1.0" xmlns:xs="http://www.w3.org/2001/XMLSchema" xmlns:tns="http://interfaces.trabalhowebservice.example.com/">
      <xs:element name="atualizar" type="tns:atualizar"/>
      <xs:element name="atualizarResponse" type="tns:atualizarResponse"/>
      <xs:element name="exlcuir" type="tns:exlcuir"/>
      <xs:element name="exlcuirResponse" type="tns:exlcuirResponse"/>
      <xs:element name="inserir" type="tns:inserir"/>
      <xs:element name="inserirResponse" type="tns:inserirResponse"/>
      <xs:element name="listaPaciente" type="tns:listaPaciente"/>
      <xs:element name="listaPacienteResponse" type="tns:listaPacienteResponse"/>
      <xs:complexType name="exlcuir">
        <xs:sequence>
          <xs:element name="arg0" type="xs:int"/>
        </xs:sequence>
      </xs:complexType>
      <xs:complexType name="exlcuirResponse">
        <xs:sequence/>
      </xs:complexType>
      <xs:complexType name="atualizar">
        <xs:sequence>
          <xs:element minOccurs="0" name="arg0" type="tns:pacienteUpdateRequestDTO"/>
        </xs:sequence>
      </xs:complexType>
      <xs:complexType name="pacienteUpdateRequestDTO">
        <xs:sequence>
          <xs:element minOccurs="0" name="bairro" type="xs:string"/>
          <xs:element minOccurs="0" name="cep" type="xs:string"/>
          <xs:element minOccurs="0" name="cidade" type="xs:string"/>
          <xs:element minOccurs="0" name="complemento" type="xs:string"/>
          <xs:element name="id" type="xs:int"/>
          <xs:element minOccurs="0" name="logradouro" type="xs:string"/>
          <xs:element minOccurs="0" name="nome" type="xs:string"/>
          <xs:element minOccurs="0" name="numero" type="xs:string"/>
          <xs:element minOccurs="0" name="telefone" type="xs:string"/>
          <xs:element minOccurs="0" name="uf" type="xs:string"/>
        </xs:sequence>
      </xs:complexType>
      <xs:complexType name="atualizarResponse">
        <xs:sequence>
          <xs:element minOccurs="0" name="return" type="tns:paciente"/>
        </xs:sequence>
      </xs:complexType>
      <xs:complexType name="paciente">
        <xs:sequence>
          <xs:element minOccurs="0" name="bairro" type="xs:string"/>
          <xs:element minOccurs="0" name="cep" type="xs:string"/>
          <xs:element minOccurs="0" name="cidade" type="xs:string"/>
          <xs:element minOccurs="0" name="complemento" type="xs:string"/>
          <xs:element minOccurs="0" name="cpf" type="xs:string"/>
          <xs:element minOccurs="0" name="email" type="xs:string"/>
          <xs:element name="id" type="xs:int"/>
          <xs:element minOccurs="0" name="logradouro" type="xs:string"/>
          <xs:element minOccurs="0" name="nome" type="xs:string"/>
          <xs:element name="numero" type="xs:int"/>
          <xs:element minOccurs="0" name="telefone" type="xs:string"/>
          <xs:element minOccurs="0" name="uf" type="xs:string"/>
        </xs:sequence>
      </xs:complexType>
      <xs:complexType name="inserir">
        <xs:sequence>
          <xs:element minOccurs="0" name="arg0" type="tns:pacienteInsertRequestDTO"/>
        </xs:sequence>
      </xs:complexType>
      <xs:complexType name="pacienteInsertRequestDTO">
        <xs:sequence>
          <xs:element minOccurs="0" name="bairro" type="xs:string"/>
          <xs:element minOccurs="0" name="cep" type="xs:string"/>
          <xs:element minOccurs="0" name="cidade" type="xs:string"/>
          <xs:element minOccurs="0" name="complemento" type="xs:string"/>
          <xs:element minOccurs="0" name="cpf" type="xs:string"/>
          <xs:element minOccurs="0" name="email" type="xs:string"/>
          <xs:element name="id" type="xs:int"/>
          <xs:element minOccurs="0" name="logradouro" type="xs:string"/>
          <xs:element minOccurs="0" name="nome" type="xs:string"/>
          <xs:element minOccurs="0" name="numero" type="xs:string"/>
          <xs:element minOccurs="0" name="telefone" type="xs:string"/>
          <xs:element minOccurs="0" name="uf" type="xs:string"/>
        </xs:sequence>
      </xs:complexType>
      <xs:complexType name="inserirResponse">
        <xs:sequence>
          <xs:element minOccurs="0" name="return" type="tns:paciente"/>
        </xs:sequence>
      </xs:complexType>
      <xs:complexType name="listaPaciente">
        <xs:sequence/>
      </xs:complexType>
      <xs:complexType name="listaPacienteResponse">
        <xs:sequence>
          <xs:element maxOccurs="unbounded" minOccurs="0" name="return" type="tns:paciente"/>
        </xs:sequence>
      </xs:complexType>
      <xs:element name="BusinessException" type="tns:BusinessException"/>
      <xs:complexType name="BusinessException">
        <xs:sequence>
          <xs:element minOccurs="0" name="message" type="xs:string"/>
        </xs:sequence>
      </xs:complexType>
      <xs:element name="SQLException" type="tns:SQLException"/>
      <xs:complexType name="SQLException">
        <xs:sequence>
          <xs:element minOccurs="0" name="errorCode" type="xs:int"/>
          <xs:element minOccurs="0" name="sQLState" type="xs:string"/>
          <xs:element minOccurs="0" name="message" type="xs:string"/>
        </xs:sequence>
      </xs:complexType>
      <xs:element name="NamingException" type="tns:NamingException"/>
      <xs:complexType name="NamingException">
        <xs:sequence>
          <xs:element minOccurs="0" name="resolvedObj" type="xs:anyType"/>
          <xs:element minOccurs="0" name="explanation" type="xs:string"/>
          <xs:element minOccurs="0" name="message" type="xs:string"/>
        </xs:sequence>
      </xs:complexType>
    </xs:schema>
  </wsdl:types>
  <wsdl:message name="exlcuir">
    <wsdl:part element="ns1:exlcuir" name="parameters"></wsdl:part>
  </wsdl:message>
  <wsdl:message name="listaPacienteResponse">
    <wsdl:part element="ns1:listaPacienteResponse" name="parameters"></wsdl:part>
  </wsdl:message>
  <wsdl:message name="inserirResponse">
    <wsdl:part element="ns1:inserirResponse" name="parameters"></wsdl:part>
  </wsdl:message>
  <wsdl:message name="NamingException">
    <wsdl:part element="ns1:NamingException" name="NamingException"></wsdl:part>
  </wsdl:message>
  <wsdl:message name="atualizar">
    <wsdl:part element="ns1:atualizar" name="parameters"></wsdl:part>
  </wsdl:message>
  <wsdl:message name="atualizarResponse">
    <wsdl:part element="ns1:atualizarResponse" name="parameters"></wsdl:part>
  </wsdl:message>
  <wsdl:message name="SQLException">
    <wsdl:part element="ns1:SQLException" name="SQLException"></wsdl:part>
  </wsdl:message>
  <wsdl:message name="exlcuirResponse">
    <wsdl:part element="ns1:exlcuirResponse" name="parameters"></wsdl:part>
  </wsdl:message>
  <wsdl:message name="inserir">
    <wsdl:part element="ns1:inserir" name="parameters"></wsdl:part>
  </wsdl:message>
  <wsdl:message name="BusinessException">
    <wsdl:part element="ns1:BusinessException" name="BusinessException"></wsdl:part>
  </wsdl:message>
  <wsdl:message name="listaPaciente">
    <wsdl:part element="ns1:listaPaciente" name="parameters"></wsdl:part>
  </wsdl:message>
  <wsdl:portType name="PacienteWS">
    <wsdl:operation name="exlcuir">
      <wsdl:input message="ns1:exlcuir" name="exlcuir"></wsdl:input>
      <wsdl:output message="ns1:exlcuirResponse" name="exlcuirResponse"></wsdl:output>
      <wsdl:fault message="ns1:BusinessException" name="BusinessException"></wsdl:fault>
    </wsdl:operation>
    <wsdl:operation name="atualizar">
      <wsdl:input message="ns1:atualizar" name="atualizar"></wsdl:input>
      <wsdl:output message="ns1:atualizarResponse" name="atualizarResponse"></wsdl:output>
      <wsdl:fault message="ns1:BusinessException" name="BusinessException"></wsdl:fault>
    </wsdl:operation>
    <wsdl:operation name="inserir">
      <wsdl:input message="ns1:inserir" name="inserir"></wsdl:input>
      <wsdl:output message="ns1:inserirResponse" name="inserirResponse"></wsdl:output>
      <wsdl:fault message="ns1:BusinessException" name="BusinessException"></wsdl:fault>
      <wsdl:fault message="ns1:SQLException" name="SQLException"></wsdl:fault>
      <wsdl:fault message="ns1:NamingException" name="NamingException"></wsdl:fault>
    </wsdl:operation>
    <wsdl:operation name="listaPaciente">
      <wsdl:input message="ns1:listaPaciente" name="listaPaciente"></wsdl:input>
      <wsdl:output message="ns1:listaPacienteResponse" name="listaPacienteResponse"></wsdl:output>
      <wsdl:fault message="ns1:BusinessException" name="BusinessException"></wsdl:fault>
      <wsdl:fault message="ns1:SQLException" name="SQLException"></wsdl:fault>
      <wsdl:fault message="ns1:NamingException" name="NamingException"></wsdl:fault>
    </wsdl:operation>
  </wsdl:portType>
</wsdl:definitions>]]></con:content><con:type>http://schemas.xmlsoap.org/wsdl/</con:type></con:part></con:definitionCache><con:endpoints><con:endpoint>http://localhost:8080/TrabalhoWebService-1.0-SNAPSHOT/PacienteWSImp</con:endpoint></con:endpoints><con:operation id="74c7d994-128f-480e-bd48-2766d6cafc3a" isOneWay="false" action="" name="atualizar" bindingOperationName="atualizar" type="Request-Response" outputName="atualizarResponse" inputName="atualizar" receivesAttachments="false" sendsAttachments="false" anonymous="optional"><con:settings/><con:call id="3ddf25bf-5be1-4bb5-ba15-c0350d836773" name="Request 1"><con:settings><con:setting id="com.eviware.soapui.impl.wsdl.WsdlRequest@request-headers">&lt;xml-fragment/></con:setting></con:settings><con:encoding>UTF-8</con:encoding><con:endpoint>http://localhost:8080/TrabalhoWebService-1.0-SNAPSHOT/PacienteWSImp</con:endpoint><con:request><![CDATA[<soapenv:Envelope xmlns:soapenv="http://schemas.xmlsoap.org/soap/envelope/" xmlns:int="http://interfaces.trabalhowebservice.example.com/">
   <soapenv:Header/>
   <soapenv:Body>
      <int:atualizar>
         <!--Optional:-->
         <arg0>
            <!--Optional:-->
            <bairro>Jardim Porto Alegre</bairro>
            <!--Optional:-->
            <cep>85822-010</cep>
            <!--Optional:-->
            <cidade>Cascavel</cidade>
            <!--Optional:-->
            <complemento>Casa</complemento>
            <id>4</id>
            <!--Optional:-->
            <logradouro>Predio</logradouro>
            <!--Optional:-->
            <nome>Juju Atualizado</nome>
            <!--Optional:-->
            <numero>43</numero>
            <!--Optional:-->
            <telefone>45991164389</telefone>
            <!--Optional:-->
            <uf>MT</uf>
         </arg0>
      </int:atualizar>
   </soapenv:Body>
</soapenv:Envelope>]]></con:request><con:credentials><con:authType>No Authorization</con:authType></con:credentials><con:jmsConfig JMSDeliveryMode="PERSISTENT"/><con:jmsPropertyConfig/><con:wsaConfig mustUnderstand="NONE" version="200508" action="http://trabalhowebservice.example.com/PacienteWS/atualizar"/><con:wsrmConfig version="1.2"/></con:call></con:operation><con:operation id="efc836d6-1263-4d47-9d59-6acf1967d10b" isOneWay="false" action="" name="exlcuir" bindingOperationName="exlcuir" type="Request-Response" outputName="exlcuirResponse" inputName="exlcuir" receivesAttachments="false" sendsAttachments="false" anonymous="optional"><con:settings/><con:call id="856f4b6d-879c-49a8-8fe8-5a6245ab205b" name="Request 1"><con:settings><con:setting id="com.eviware.soapui.impl.wsdl.WsdlRequest@request-headers">&lt;xml-fragment/></con:setting></con:settings><con:encoding>UTF-8</con:encoding><con:endpoint>http://localhost:8080/TrabalhoWebService-1.0-SNAPSHOT/PacienteWSImp</con:endpoint><con:request><![CDATA[<soapenv:Envelope xmlns:soapenv="http://schemas.xmlsoap.org/soap/envelope/" xmlns:int="http://interfaces.trabalhowebservice.example.com/">\r
   <soapenv:Header/>\r
   <soapenv:Body>\r
      <int:exlcuir>\r
         <arg0>4</arg0>\r
      </int:exlcuir>\r
   </soapenv:Body>\r
</soapenv:Envelope>]]></con:request><con:credentials><con:authType>No Authorization</con:authType></con:credentials><con:jmsConfig JMSDeliveryMode="PERSISTENT"/><con:jmsPropertyConfig/><con:wsaConfig mustUnderstand="NONE" version="200508" action="http://trabalhowebservice.example.com/PacienteWS/exlcuir"/><con:wsrmConfig version="1.2"/></con:call></con:operation><con:operation id="a69cfd78-63e5-446e-96f3-21e9ee52c28d" isOneWay="false" action="" name="inserir" bindingOperationName="inserir" type="Request-Response" outputName="inserirResponse" inputName="inserir" receivesAttachments="false" sendsAttachments="false" anonymous="optional"><con:settings/><con:call id="275ee266-d146-4f3d-a76a-ee676424150e" name="Request 1"><con:settings><con:setting id="com.eviware.soapui.impl.wsdl.WsdlRequest@request-headers">&lt;xml-fragment/></con:setting></con:settings><con:encoding>UTF-8</con:encoding><con:endpoint>http://localhost:8080/TrabalhoWebService-1.0-SNAPSHOT/PacienteWSImp</con:endpoint><con:request><![CDATA[<soapenv:Envelope xmlns:soapenv="http://schemas.xmlsoap.org/soap/envelope/" xmlns:int="http://interfaces.trabalhowebservice.example.com/">\r
   <soapenv:Header/>\r
   <soapenv:Body>\r
      <int:inserir>\r
         <!--Optional:-->\r
         <arg0>\r
            <!--Optional:-->\r
            <bairro>Gisela</bairro>\r
            <!--Optional:-->\r
            <cep>8582-2000</cep>\r
            <!--Optional:-->\r
            <cidade>Toledo</cidade>\r
            <!--Optional:-->\r
            <complemento>Apartamento</complemento>\r
            <!--Optional:-->\r
            <cpf>11540981380</cpf>\r
            <!--Optional:-->\r
            <email>teste45@gmail.com</email>\r
            <id>1</id>\r
            <!--Optional:-->\r
            <logradouro>Escola</logradouro>\r
            <!--Optional:-->\r
            <nome>Juju</nome>\r
            <!--Optional:-->\r
            <numero>67</numero>\r
            <!--Optional:-->\r
            <telefone>45998764547</telefone>\r
            <!--Optional:-->\r
            <uf>PR</uf>\r
         </arg0>\r
      </int:inserir>\r
   </soapenv:Body>\r
</soapenv:Envelope>]]></con:request><con:credentials><con:authType>No Authorization</con:authType></con:credentials><con:jmsConfig JMSDeliveryMode="PERSISTENT"/><con:jmsPropertyConfig/><con:wsaConfig mustUnderstand="NONE" version="200508" action="http://trabalhowebservice.example.com/PacienteWS/inserir"/><con:wsrmConfig version="1.2"/></con:call></con:operation><con:operation id="10d281bb-b8fc-44ff-a5ec-8708fb6ecd70" isOneWay="false" action="" name="listaPaciente" bindingOperationName="listaPaciente" type="Request-Response" outputName="listaPacienteResponse" inputName="listaPaciente" receivesAttachments="false" sendsAttachments="false" anonymous="optional"><con:settings/><con:call id="64226ec8-5970-4385-97a4-98edf97307eb" name="Request 1"><con:settings><con:setting id="com.eviware.soapui.impl.wsdl.WsdlRequest@request-headers">&lt;xml-fragment/></con:setting></con:settings><con:encoding>UTF-8</con:encoding><con:endpoint>http://localhost:8080/TrabalhoWebService-1.0-SNAPSHOT/PacienteWSImp</con:endpoint><con:request><![CDATA[<soapenv:Envelope xmlns:soapenv="http://schemas.xmlsoap.org/soap/envelope/" xmlns:int="http://interfaces.trabalhowebservice.example.com/">\r
   <soapenv:Header/>\r
   <soapenv:Body>\r
      <int:listaPaciente/>\r
   </soapenv:Body>\r
</soapenv:Envelope>]]></con:request><con:credentials><con:authType>No Authorization</con:authType></con:credentials><con:jmsConfig JMSDeliveryMode="PERSISTENT"/><con:jmsPropertyConfig/><con:wsaConfig mustUnderstand="NONE" version="200508" action="http://trabalhowebservice.example.com/PacienteWS/listaPaciente"/><con:wsrmConfig version="1.2"/></con:call></con:operation></con:interface><con:properties/><con:wssContainer/><con:oAuth2ProfileContainer/><con:oAuth1ProfileContainer/></con:soapui-project>