<?xml version="1.0" encoding="UTF-8"?>
<con:soapui-project id="5eb3b279-06bc-4c4a-94e6-f316da4d050f" activeEnvironment="Default" name="TrabalhoWebService-1 - Consulta" resourceRoot="" soapui-version="5.8.0" abortOnError="false" runType="SEQUENTIAL" xmlns:con="http://eviware.com/soapui/config"><con:settings/><con:interface xsi:type="con:WsdlInterface" id="7b1e103f-12ca-45e8-8a22-8224d6fcd9b4" wsaVersion="NONE" name="ConsultaWSImpServiceSoapBinding" type="wsdl" bindingName="{http://trabalhowebservice.example.com/}ConsultaWSImpServiceSoapBinding" soapVersion="1_1" anonymous="optional" definition="http://localhost:8080/TrabalhoWebService-1.0-SNAPSHOT/ConsultaWSImp?wsdl" xmlns:xsi="http://www.w3.org/2001/XMLSchema-instance"><con:settings/><con:definitionCache type="TEXT" rootPart="http://localhost:8080/TrabalhoWebService-1.0-SNAPSHOT/ConsultaWSImp?wsdl"><con:part><con:url>http://localhost:8080/TrabalhoWebService-1.0-SNAPSHOT/ConsultaWSImp?wsdl</con:url><con:content><![CDATA[<wsdl:definitions name="ConsultaWSImpService" targetNamespace="http://trabalhowebservice.example.com/" xmlns:xsd="http://www.w3.org/2001/XMLSchema" xmlns:wsdl="http://schemas.xmlsoap.org/wsdl/" xmlns:tns="http://trabalhowebservice.example.com/" xmlns:soap="http://schemas.xmlsoap.org/wsdl/soap/" xmlns:ns2="http://schemas.xmlsoap.org/soap/http" xmlns:ns1="http://interfaces.trabalhowebservice.example.com/">
  <wsdl:import location="http://localhost:8080/TrabalhoWebService-1.0-SNAPSHOT/ConsultaWSImp?wsdl=ConsultaWS.wsdl" namespace="http://interfaces.trabalhowebservice.example.com/"></wsdl:import>
  <wsdl:binding name="ConsultaWSImpServiceSoapBinding" type="ns1:ConsultaWS">
    <soap:binding style="document" transport="http://schemas.xmlsoap.org/soap/http"/>
    <wsdl:operation name="buscaConsulta">
      <soap:operation soapAction="" style="document"/>
      <wsdl:input name="buscaConsulta">
        <soap:body use="literal"/>
      </wsdl:input>
      <wsdl:output name="buscaConsultaResponse">
        <soap:body use="literal"/>
      </wsdl:output>
      <wsdl:fault name="BusinessException">
        <soap:fault name="BusinessException" use="literal"/>
      </wsdl:fault>
      <wsdl:fault name="SQLException">
        <soap:fault name="SQLException" use="literal"/>
      </wsdl:fault>
      <wsdl:fault name="NamingException">
        <soap:fault name="NamingException" use="literal"/>
      </wsdl:fault>
    </wsdl:operation>
    <wsdl:operation name="cancelarConsulta">
      <soap:operation soapAction="" style="document"/>
      <wsdl:input name="cancelarConsulta">
        <soap:body use="literal"/>
      </wsdl:input>
      <wsdl:output name="cancelarConsultaResponse">
        <soap:body use="literal"/>
      </wsdl:output>
      <wsdl:fault name="BusinessException">
        <soap:fault name="BusinessException" use="literal"/>
      </wsdl:fault>
      <wsdl:fault name="SQLException">
        <soap:fault name="SQLException" use="literal"/>
      </wsdl:fault>
      <wsdl:fault name="NamingException">
        <soap:fault name="NamingException" use="literal"/>
      </wsdl:fault>
    </wsdl:operation>
    <wsdl:operation name="inserir">
      <soap:operation soapAction="" style="document"/>
      <wsdl:input name="inserir">
        <soap:body use="literal"/>
      </wsdl:input>
      <wsdl:output name="inserirResponse">
        <soap:body use="literal"/>
      </wsdl:output>
      <wsdl:fault name="BusinessException">
        <soap:fault name="BusinessException" use="literal"/>
      </wsdl:fault>
      <wsdl:fault name="SQLException">
        <soap:fault name="SQLException" use="literal"/>
      </wsdl:fault>
      <wsdl:fault name="NamingException">
        <soap:fault name="NamingException" use="literal"/>
      </wsdl:fault>
    </wsdl:operation>
  </wsdl:binding>
  <wsdl:service name="ConsultaWSImpService">
    <wsdl:port binding="tns:ConsultaWSImpServiceSoapBinding" name="ConsultaWSImpPort">
      <soap:address location="http://localhost:8080/TrabalhoWebService-1.0-SNAPSHOT/ConsultaWSImp"/>
    </wsdl:port>
  </wsdl:service>
</wsdl:definitions>]]></con:content><con:type>http://schemas.xmlsoap.org/wsdl/</con:type></con:part><con:part><con:url>http://localhost:8080/TrabalhoWebService-1.0-SNAPSHOT/ConsultaWSImp?wsdl=ConsultaWS.wsdl</con:url><con:content><![CDATA[<wsdl:definitions name="ConsultaWS" targetNamespace="http://interfaces.trabalhowebservice.example.com/" xmlns:xsd="http://www.w3.org/2001/XMLSchema" xmlns:wsdl="http://schemas.xmlsoap.org/wsdl/" xmlns:ns1="http://interfaces.trabalhowebservice.example.com/">
  <wsdl:types>
    <xs:schema attributeFormDefault="unqualified" elementFormDefault="unqualified" targetNamespace="http://interfaces.trabalhowebservice.example.com/" version="1.0" xmlns:xs="http://www.w3.org/2001/XMLSchema" xmlns:tns="http://interfaces.trabalhowebservice.example.com/">
      <xs:element name="buscaConsulta" type="tns:buscaConsulta"/>
      <xs:element name="buscaConsultaResponse" type="tns:buscaConsultaResponse"/>
      <xs:element name="cancelarConsulta" type="tns:cancelarConsulta"/>
      <xs:element name="cancelarConsultaResponse" type="tns:cancelarConsultaResponse"/>
      <xs:element name="inserir" type="tns:inserir"/>
      <xs:element name="inserirResponse" type="tns:inserirResponse"/>
      <xs:complexType name="buscaConsulta">
        <xs:sequence/>
      </xs:complexType>
      <xs:complexType name="buscaConsultaResponse">
        <xs:sequence>
          <xs:element maxOccurs="unbounded" minOccurs="0" name="return" type="tns:consulta"/>
        </xs:sequence>
      </xs:complexType>
      <xs:complexType name="consulta">
        <xs:sequence>
          <xs:element minOccurs="0" name="dataHora" type="tns:localDateTime"/>
          <xs:element name="id" type="xs:int"/>
          <xs:element name="medicoId" type="xs:int"/>
          <xs:element minOccurs="0" name="motivoCancelamento" type="xs:string"/>
          <xs:element name="pacienteId" type="xs:int"/>
        </xs:sequence>
      </xs:complexType>
      <xs:complexType final="extension restriction" name="localDateTime">
        <xs:sequence/>
      </xs:complexType>
      <xs:complexType name="cancelarConsulta">
        <xs:sequence>
          <xs:element name="arg0" type="xs:int"/>
          <xs:element minOccurs="0" name="arg1" type="xs:string"/>
        </xs:sequence>
      </xs:complexType>
      <xs:complexType name="cancelarConsultaResponse">
        <xs:sequence/>
      </xs:complexType>
      <xs:complexType name="inserir">
        <xs:sequence>
          <xs:element minOccurs="0" name="arg0" type="tns:consultaAgendaDTO"/>
        </xs:sequence>
      </xs:complexType>
      <xs:complexType name="consultaAgendaDTO">
        <xs:sequence>
          <xs:element name="pacienteId" type="xs:int"/>
          <xs:element name="medicoId" type="xs:int"/>
          <xs:element name="dataHora" type="xs:dateTime"/>
        </xs:sequence>
      </xs:complexType>
      <xs:complexType name="inserirResponse">
        <xs:sequence>
          <xs:element minOccurs="0" name="return" type="tns:consulta"/>
        </xs:sequence>
      </xs:complexType>
      <xs:element name="SQLException" type="tns:SQLException"/>
      <xs:complexType name="SQLException">
        <xs:sequence>
          <xs:element minOccurs="0" name="errorCode" type="xs:int"/>
          <xs:element minOccurs="0" name="sQLState" type="xs:string"/>
          <xs:element minOccurs="0" name="message" type="xs:string"/>
        </xs:sequence>
      </xs:complexType>
      <xs:element name="BusinessException" type="tns:BusinessException"/>
      <xs:complexType name="BusinessException">
        <xs:sequence>
          <xs:element minOccurs="0" name="message" type="xs:string"/>
        </xs:sequence>
      </xs:complexType>
      <xs:element name="NamingException" type="tns:NamingException"/>
      <xs:complexType name="NamingException">
        <xs:sequence>
          <xs:element minOccurs="0" name="resolvedObj" type="xs:anyType"/>
          <xs:element minOccurs="0" name="explanation" type="xs:string"/>
          <xs:element minOccurs="0" name="message" type="xs:string"/>
        </xs:sequence>
      </xs:complexType>
    </xs:schema>
  </wsdl:types>
  <wsdl:message name="buscaConsulta">
    <wsdl:part element="ns1:buscaConsulta" name="parameters"></wsdl:part>
  </wsdl:message>
  <wsdl:message name="NamingException">
    <wsdl:part element="ns1:NamingException" name="NamingException"></wsdl:part>
  </wsdl:message>
  <wsdl:message name="inserirResponse">
    <wsdl:part element="ns1:inserirResponse" name="parameters"></wsdl:part>
  </wsdl:message>
  <wsdl:message name="cancelarConsulta">
    <wsdl:part element="ns1:cancelarConsulta" name="parameters"></wsdl:part>
  </wsdl:message>
  <wsdl:message name="buscaConsultaResponse">
    <wsdl:part element="ns1:buscaConsultaResponse" name="parameters"></wsdl:part>
  </wsdl:message>
  <wsdl:message name="SQLException">
    <wsdl:part element="ns1:SQLException" name="SQLException"></wsdl:part>
  </wsdl:message>
  <wsdl:message name="cancelarConsultaResponse">
    <wsdl:part element="ns1:cancelarConsultaResponse" name="parameters"></wsdl:part>
  </wsdl:message>
  <wsdl:message name="inserir">
    <wsdl:part element="ns1:inserir" name="parameters"></wsdl:part>
  </wsdl:message>
  <wsdl:message name="BusinessException">
    <wsdl:part element="ns1:BusinessException" name="BusinessException"></wsdl:part>
  </wsdl:message>
  <wsdl:portType name="ConsultaWS">
    <wsdl:operation name="buscaConsulta">
      <wsdl:input message="ns1:buscaConsulta" name="buscaConsulta"></wsdl:input>
      <wsdl:output message="ns1:buscaConsultaResponse" name="buscaConsultaResponse"></wsdl:output>
      <wsdl:fault message="ns1:BusinessException" name="BusinessException"></wsdl:fault>
      <wsdl:fault message="ns1:SQLException" name="SQLException"></wsdl:fault>
      <wsdl:fault message="ns1:NamingException" name="NamingException"></wsdl:fault>
    </wsdl:operation>
    <wsdl:operation name="cancelarConsulta">
      <wsdl:input message="ns1:cancelarConsulta" name="cancelarConsulta"></wsdl:input>
      <wsdl:output message="ns1:cancelarConsultaResponse" name="cancelarConsultaResponse"></wsdl:output>
      <wsdl:fault message="ns1:BusinessException" name="BusinessException"></wsdl:fault>
      <wsdl:fault message="ns1:SQLException" name="SQLException"></wsdl:fault>
      <wsdl:fault message="ns1:NamingException" name="NamingException"></wsdl:fault>
    </wsdl:operation>
    <wsdl:operation name="inserir">
      <wsdl:input message="ns1:inserir" name="inserir"></wsdl:input>
      <wsdl:output message="ns1:inserirResponse" name="inserirResponse"></wsdl:output>
      <wsdl:fault message="ns1:BusinessException" name="BusinessException"></wsdl:fault>
      <wsdl:fault message="ns1:SQLException" name="SQLException"></wsdl:fault>
      <wsdl:fault message="ns1:NamingException" name="NamingException"></wsdl:fault>
    </wsdl:operation>
  </wsdl:portType>
</wsdl:definitions>]]></con:content><con:type>http://schemas.xmlsoap.org/wsdl/</con:type></con:part></con:definitionCache><con:endpoints><con:endpoint>http://localhost:8080/TrabalhoWebService-1.0-SNAPSHOT/ConsultaWSImp</con:endpoint></con:endpoints><con:operation id="81e2dd7b-a006-48e8-8eec-8184b6ad3519" isOneWay="false" action="" name="buscaConsulta" bindingOperationName="buscaConsulta" type="Request-Response" outputName="buscaConsultaResponse" inputName="buscaConsulta" receivesAttachments="false" sendsAttachments="false" anonymous="optional"><con:settings/><con:call id="ad91a9b2-4444-4b42-a143-0f07c83182a9" name="Request 1"><con:settings><con:setting id="com.eviware.soapui.impl.wsdl.WsdlRequest@request-headers">&lt;xml-fragment/></con:setting></con:settings><con:encoding>UTF-8</con:encoding><con:endpoint>http://localhost:8080/TrabalhoWebService-1.0-SNAPSHOT/ConsultaWSImp</con:endpoint><con:request><![CDATA[<soapenv:Envelope xmlns:soapenv="http://schemas.xmlsoap.org/soap/envelope/" xmlns:int="http://interfaces.trabalhowebservice.example.com/">\r
   <soapenv:Header/>\r
   <soapenv:Body>\r
      <int:buscaConsulta/>\r
   </soapenv:Body>\r
</soapenv:Envelope>]]></con:request><con:credentials><con:authType>No Authorization</con:authType></con:credentials><con:jmsConfig JMSDeliveryMode="PERSISTENT"/><con:jmsPropertyConfig/><con:wsaConfig mustUnderstand="NONE" version="200508" action="http://trabalhowebservice.example.com/ConsultaWS/buscaConsulta"/><con:wsrmConfig version="1.2"/></con:call></con:operation><con:operation id="3a0230a7-0f9a-4eda-82ea-ab0a6e086e57" isOneWay="false" action="" name="cancelarConsulta" bindingOperationName="cancelarConsulta" type="Request-Response" outputName="cancelarConsultaResponse" inputName="cancelarConsulta" receivesAttachments="false" sendsAttachments="false" anonymous="optional"><con:settings/><con:call id="a6d3ba78-d191-4e25-b320-c7578c72b20a" name="Request 1"><con:settings><con:setting id="com.eviware.soapui.impl.wsdl.WsdlRequest@request-headers">&lt;xml-fragment/></con:setting></con:settings><con:encoding>UTF-8</con:encoding><con:endpoint>http://localhost:8080/TrabalhoWebService-1.0-SNAPSHOT/ConsultaWSImp</con:endpoint><con:request><![CDATA[<soapenv:Envelope xmlns:soapenv="http://schemas.xmlsoap.org/soap/envelope/" xmlns:int="http://interfaces.trabalhowebservice.example.com/">\r
   <soapenv:Header/>\r
   <soapenv:Body>\r
      <int:cancelarConsulta>\r
         <arg0>3</arg0>\r
         <!--Optional:-->\r
         <arg1>Ja melhorei</arg1>\r
      </int:cancelarConsulta>\r
   </soapenv:Body>\r
</soapenv:Envelope>]]></con:request><con:credentials><con:authType>No Authorization</con:authType></con:credentials><con:jmsConfig JMSDeliveryMode="PERSISTENT"/><con:jmsPropertyConfig/><con:wsaConfig mustUnderstand="NONE" version="200508" action="http://trabalhowebservice.example.com/ConsultaWS/cancelarConsulta"/><con:wsrmConfig version="1.2"/></con:call></con:operation><con:operation id="dfa793c2-8028-4437-b5f3-0a075e5fd022" isOneWay="false" action="" name="inserir" bindingOperationName="inserir" type="Request-Response" outputName="inserirResponse" inputName="inserir" receivesAttachments="false" sendsAttachments="false" anonymous="optional"><con:settings/><con:call id="c0217974-b31d-4edd-96ff-27e11555b0c9" name="Request 1"><con:settings><con:setting id="com.eviware.soapui.impl.wsdl.WsdlRequest@request-headers">&lt;xml-fragment/></con:setting></con:settings><con:encoding>UTF-8</con:encoding><con:endpoint>http://localhost:8080/TrabalhoWebService-1.0-SNAPSHOT/ConsultaWSImp</con:endpoint><con:request><![CDATA[<soapenv:Envelope xmlns:soapenv="http://schemas.xmlsoap.org/soap/envelope/" xmlns:int="http://interfaces.trabalhowebservice.example.com/">\r
   <soapenv:Header/>\r
   <soapenv:Body>\r
      <int:inserir>\r
         <!--Optional:-->\r
         <arg0>\r
            <pacienteId>4</pacienteId>\r
            <medicoId>7</medicoId>\r
            <dataHora>2025-04-10T14:30:00</dataHora>\r
         </arg0>\r
      </int:inserir>\r
   </soapenv:Body>\r
</soapenv:Envelope>]]></con:request><con:credentials><con:authType>No Authorization</con:authType></con:credentials><con:jmsConfig JMSDeliveryMode="PERSISTENT"/><con:jmsPropertyConfig/><con:wsaConfig mustUnderstand="NONE" version="200508" action="http://trabalhowebservice.example.com/ConsultaWS/inserir"/><con:wsrmConfig version="1.2"/></con:call></con:operation></con:interface><con:properties/><con:wssContainer/><con:oAuth2ProfileContainer/><con:oAuth1ProfileContainer/><con:sensitiveInformation/></con:soapui-project>